datetime,Minimum Temperature,Maximum Temperature,Temperature,Dew Point,Relative Humidity,Heat Index,Wind Speed,Wind Gust,Wind Direction,Wind Chill,Precipitation,Precipitation Cover,Snow Depth,Visibility,Cloud Cover,Sea Level Pressure,Conditions
2019-05-01T00:00:00,51.2,51.2,51.2,50.0,95.48,,4.2,,341.0,,0.0,,0.0,4.3,68.4,1012.1,Partially cloudy
2019-05-01T01:00:00,51.2,51.2,51.2,50.0,95.48,,5.5,,307.0,,0.0,,0.0,3.5,73.0,1012.2,Partially cloudy
2019-05-01T02:00:00,51.3,51.3,51.3,50.0,95.47,,4.6,,304.0,,0.0,,0.0,5.8,72.5,1012.6,Partially cloudy
2019-05-01T03:00:00,51.2,51.2,51.2,49.3,93.29,,2.0,,355.0,,0.0,,0.0,7.2,70.4,1011.9,Partially cloudy
2019-05-01T04:00:00,50.7,50.7,50.7,48.7,92.84,,5.9,,357.0,,0.0,,0.0,8.3,70.6,1011.7,Partially cloudy
2019-05-01T05:00:00,50.7,50.7,50.7,48.0,90.61,,3.1,,360.0,,0.0,,0.0,9.9,67.6,1012.3,Partially cloudy
2019-05-01T06:00:00,49.7,49.7,49.7,47.5,92.02,,3.9,,358.0,48.6,0.0,,0.0,8.9,70.1,1012.8,Partially cloudy
2019-05-01T07:00:00,50.0,50.0,50.0,47.3,90.41,,1.1,,10.0,,0.11,,0.0,8.9,73.0,1013.4,Rain Partially cloudy
2019-05-01T08:00:00,50.2,50.2,50.2,47.4,90.11,,3.0,,9.0,,0.0,,0.0,7.5,70.6,1014.2,Partially cloudy
2019-05-01T09:00:00,50.5,50.5,50.5,48.1,91.52,,4.9,,32.0,,0.0,,0.0,2.4,70.6,1014.5,Partially cloudy
2019-05-01T10:00:00,50.5,50.5,50.5,48.6,93.06,,7.1,,20.0,,0.0,,0.0,3.7,67.7,1014.8,Partially cloudy
2019-05-01T11:00:00,51.3,51.3,51.3,48.2,88.89,,7.4,,33.0,,0.0,,0.0,8.0,73.0,1015.0,Partially cloudy
2019-05-01T12:00:00,52.7,52.7,52.7,48.1,84.16,,5.1,,22.0,,0.0,,0.0,9.9,73.0,1015.3,Partially cloudy
2019-05-01T13:00:00,53.6,53.6,53.6,48.2,81.8,,6.8,,29.0,,0.0,,0.0,9.9,73.0,1015.0,Partially cloudy
2019-05-01T14:00:00,54.5,54.5,54.5,48.6,80.32,,3.9,,360.0,,0.0,,0.0,9.9,70.4,1015.6,Partially cloudy
2019-05-01T15:00:00,54.9,54.9,54.9,49.4,81.67,,4.2,,20.0,,0.0,,0.0,9.9,73.0,1015.6,Partially cloudy
2019-05-01T16:00:00,56.3,56.3,56.3,48.9,76.12,,4.5,,25.0,,0.0,,0.0,9.9,70.6,1015.2,Partially cloudy
2019-05-01T17:00:00,56.7,56.7,56.7,49.5,76.88,,6.3,,30.0,,0.0,,0.0,9.9,73.0,1014.9,Partially cloudy
2019-05-01T18:00:00,56.6,56.6,56.6,50.1,78.77,,5.0,,15.0,,0.0,,0.0,9.9,73.0,1015.3,Partially cloudy
2019-05-01T19:00:00,56.0,56.0,56.0,49.5,78.71,,5.8,,23.0,,0.0,,0.0,9.9,73.0,1016.3,Partially cloudy
2019-05-01T20:00:00,54.9,54.9,54.9,49.4,81.74,,7.2,,11.0,,0.0,,0.0,9.9,73.0,1017.0,Partially cloudy
2019-05-01T21:00:00,53.4,53.4,53.4,48.8,84.51,,8.3,,9.0,,0.01,,0.0,8.8,70.6,1017.1,Rain Partially cloudy
2019-05-01T22:00:00,52.7,52.7,52.7,47.4,82.13,,8.4,,20.0,,0.0,,0.0,9.9,69.8,1017.3,Partially cloudy
2019-05-01T23:00:00,52.2,52.2,52.2,46.8,82.06,,8.2,,8.0,,0.0,,0.0,9.9,72.5,1018.1,Partially cloudy
2019-05-02T00:00:00,50.5,50.5,50.5,45.6,83.12,,8.8,17.2,340.0,,0.0,,0.0,9.9,57.6,1019.3,Partially cloudy
2019-05-02T01:00:00,49.6,49.6,49.6,43.6,79.76,,10.0,,359.0,45.6,0.0,,0.0,9.9,45.3,1019.9,Partially cloudy
2019-05-02T02:00:00,48.9,48.9,48.9,43.1,80.49,,10.1,,360.0,44.6,0.0,,0.0,9.8,56.2,1019.8,Partially cloudy
2019-05-02T03:00:00,47.5,47.5,47.5,43.1,84.39,,5.8,,337.0,44.8,0.03,,0.0,8.2,57.5,1020.3,Rain Partially cloudy
2019-05-02T04:00:00,46.7,46.7,46.7,44.1,90.85,,5.2,,302.0,44.1,0.04,,0.0,8.3,43.1,1021.3,Rain Partially cloudy
2019-05-02T05:00:00,46.7,46.7,46.7,43.6,89.14,,5.7,,332.0,43.9,0.0,,0.0,9.9,29.4,1021.6,Partially cloudy
2019-05-02T06:00:00,45.7,45.7,45.7,43.0,90.18,,6.2,,354.0,42.4,0.0,,0.0,9.1,13.3,1021.1,Clear
2019-05-02T07:00:00,45.0,45.0,45.0,42.3,90.29,,7.0,,352.0,41.2,0.0,,0.0,7.7,2.5,1021.1,Clear
2019-05-02T08:00:00,46.0,46.0,46.0,42.4,87.19,,6.9,,3.0,42.4,0.0,,0.0,9.9,22.2,1021.9,Clear
2019-05-02T09:00:00,48.6,48.6,48.6,44.1,84.39,,9.4,,343.0,44.5,0.0,,0.0,9.9,24.6,1022.2,Clear
2019-05-02T10:00:00,51.8,51.8,51.8,44.2,75.37,,12.2,,13.0,,0.0,,0.0,9.9,45.9,1022.0,Partially cloudy
2019-05-02T11:00:00,54.6,54.6,54.6,44.8,69.32,,10.1,,10.0,,0.0,,0.0,9.9,27.6,1022.3,Partially cloudy
2019-05-02T12:00:00,56.4,56.4,56.4,45.0,65.48,,10.8,,27.0,,0.0,,0.0,9.9,40.0,1021.8,Partially cloudy
2019-05-02T13:00:00,58.9,58.9,58.9,45.1,60.02,,7.8,,20.0,,0.0,,0.0,9.9,36.5,1021.2,Partially cloudy
2019-05-02T14:00:00,61.1,61.1,61.1,44.3,54.02,,8.1,18.3,42.0,,0.0,,0.0,9.9,25.6,1020.0,Partially cloudy
2019-05-02T15:00:00,62.4,62.4,62.4,43.7,50.46,,9.5,,24.0,,0.0,,0.0,9.9,10.8,1019.5,Clear
2019-05-02T16:00:00,63.6,63.6,63.6,44.1,49.05,,9.5,23.0,54.0,,0.0,,0.0,9.9,10.8,1018.7,Clear
2019-05-02T17:00:00,63.6,63.6,63.6,42.6,46.22,,12.8,,69.0,,0.0,,0.0,9.9,10.8,1018.3,Clear
2019-05-02T18:00:00,62.4,62.4,62.4,42.3,47.67,,9.3,,87.0,,0.0,,0.0,9.9,2.5,1017.9,Clear
2019-05-02T19:00:00,60.6,60.6,60.6,43.1,52.34,,7.0,,107.0,,0.0,,0.0,9.9,16.1,1018.2,Clear
2019-05-02T20:00:00,58.4,58.4,58.4,43.2,56.88,,6.3,,101.0,,0.0,,0.0,9.9,60.7,1018.1,Partially cloudy
2019-05-02T21:00:00,55.2,55.2,55.2,44.2,66.59,,4.4,,83.0,,0.0,,0.0,9.9,55.9,1018.3,Partially cloudy
2019-05-02T22:00:00,54.0,54.0,54.0,45.4,72.59,,3.7,,72.0,,0.0,,0.0,9.9,57.9,1018.3,Partially cloudy
2019-05-02T23:00:00,54.0,54.0,54.0,46.0,74.3,,0.4,,12.0,,0.0,,0.0,9.9,70.1,1018.2,Partially cloudy
2019-05-03T00:00:00,53.7,53.7,53.7,45.6,73.97,,2.5,,69.0,,0.0,,0.0,9.9,73.0,1018.2,Partially cloudy
2019-05-03T01:00:00,53.7,53.7,53.7,46.0,75.14,,2.0,,76.0,,0.0,,0.0,9.9,70.1,1018.2,Partially cloudy
2019-05-03T02:00:00,52.0,52.0,52.0,46.1,80.48,,2.5,,28.0,,0.0,,0.0,9.9,57.6,1017.7,Partially cloudy
2019-05-03T03:00:00,51.8,51.8,51.8,45.7,79.62,,0.0,,0.0,,0.0,,0.0,9.9,43.1,1017.0,Partially cloudy
2019-05-03T04:00:00,52.0,52.0,52.0,46.2,80.49,,3.5,,58.0,,0.0,,0.0,9.9,70.1,1016.6,Partially cloudy
2019-05-03T05:00:00,51.7,51.7,51.7,47.4,85.2,,5.1,,13.0,,0.0,,0.0,9.9,60.7,1016.8,Partially cloudy
2019-05-03T06:00:00,50.3,50.3,50.3,47.5,89.89,,5.5,,359.0,,0.13,,0.0,9.6,57.1,1017.8,Rain Partially cloudy
2019-05-03T07:00:00,50.6,50.6,50.6,48.0,90.61,,2.5,,53.0,,0.01,,0.0,9.9,57.5,1017.8,Rain Partially cloudy
2019-05-03T08:00:00,51.3,51.3,51.3,49.3,92.55,,0.0,,0.0,,0.01,,0.0,9.9,60.7,1017.6,Rain Partially cloudy
2019-05-03T09:00:00,52.6,52.6,52.6,49.4,88.9,,3.7,,76.0,,0.0,,0.0,9.9,60.7,1017.0,Partially cloudy
2019-05-03T10:00:00,53.8,53.8,53.8,49.5,85.46,,6.0,,71.0,,0.0,,0.0,9.9,68.0,1016.7,Partially cloudy
2019-05-03T11:00:00,55.7,55.7,55.7,49.5,79.64,,5.0,,83.0,,0.0,,0.0,9.9,44.8,1017.1,Partially cloudy
2019-05-03T12:00:00,56.9,56.9,56.9,48.9,74.56,,4.9,,115.0,,0.0,,0.0,9.9,41.7,1017.0,Partially cloudy
2019-05-03T13:00:00,59.1,59.1,59.1,50.0,71.92,,4.9,,103.0,,0.0,,0.0,9.9,57.0,1017.2,Partially cloudy
2019-05-03T14:00:00,60.1,60.1,60.1,50.4,70.36,,4.7,,100.0,,0.0,,0.0,9.9,68.8,1016.8,Partially cloudy
2019-05-03T15:00:00,61.5,61.5,61.5,51.4,69.29,,5.8,,70.0,,0.0,,0.0,9.9,54.2,1016.3,Partially cloudy
2019-05-03T16:00:00,62.4,62.4,62.4,51.5,67.4,,6.8,,78.0,,0.0,,0.0,9.9,46.4,1015.1,Partially cloudy
2019-05-03T17:00:00,63.2,63.2,63.2,51.9,66.59,,8.4,,96.0,,0.0,,0.0,9.9,48.3,1014.4,Partially cloudy
2019-05-03T18:00:00,62.6,62.6,62.6,52.5,69.68,,7.1,,102.0,,0.0,,0.0,9.9,57.1,1014.8,Partially cloudy
2019-05-03T19:00:00,61.9,61.9,61.9,52.5,71.27,,8.3,,109.0,,0.0,,0.0,9.9,32.6,1014.6,Partially cloudy
2019-05-03T20:00:00,60.2,60.2,60.2,51.4,72.76,,7.3,,135.0,,0.0,,0.0,9.9,0.0,1014.6,Clear
2019-05-03T21:00:00,55.8,55.8,55.8,51.4,84.89,,4.1,,129.0,,0.0,,0.0,9.9,12.3,1015.2,Clear
2019-05-03T22:00:00,54.2,54.2,54.2,50.8,88.19,,2.0,,84.0,,0.0,,0.0,9.9,0.0,1015.7,Clear
2019-05-03T23:00:00,52.0,52.0,52.0,50.0,92.88,,0.0,,0.0,,0.0,,0.0,9.9,12.3,1016.2,Clear
2019-05-04T00:00:00,51.1,51.1,51.1,48.7,91.6,,1.5,,79.0,,0.0,,0.0,7.5,24.6,1016.2,Clear
2019-05-04T01:00:00,48.9,48.9,48.9,47.8,96.11,,2.9,,339.0,,0.0,,0.0,4.0,42.2,1015.9,Partially cloudy
2019-05-04T02:00:00,47.8,47.8,47.8,47.5,98.77,,1.2,,82.0,,0.0,,0.0,5.0,36.1,1015.6,Partially cloudy
2019-05-04T03:00:00,46.8,46.8,46.8,47.1,100.0,,0.0,,0.0,,0.0,,0.0,1.0,22.8,1015.3,Clear
2019-05-04T04:00:00,46.7,46.7,46.7,46.1,97.89,,0.4,,15.0,,0.0,,0.0,0.2,46.5,1015.5,Partially cloudy
2019-05-04T05:00:00,46.2,46.2,46.2,45.4,97.11,,0.0,,0.0,,0.0,,0.0,0.8,49.4,1016.0,Partially cloudy
2019-05-04T06:00:00,44.6,44.6,44.6,43.7,96.95,,0.0,,0.0,,0.0,,0.0,0.0,49.4,1016.2,Partially cloudy
2019-05-04T07:00:00,44.2,44.2,44.2,43.8,98.66,,1.8,,314.0,,0.0,,0.0,0.0,49.4,1016.5,Partially cloudy
2019-05-04T08:00:00,46.6,46.6,46.6,46.4,98.98,,0.0,,0.0,,0.0,,0.0,1.3,49.4,1016.6,Partially cloudy
2019-05-04T09:00:00,49.8,49.8,49.8,49.2,97.86,,0.0,,0.0,,0.0,,0.0,0.6,49.4,1017.0,Partially cloudy
2019-05-04T10:00:00,52.3,52.3,52.3,52.0,98.95,,4.3,,231.0,,0.0,,0.0,1.6,54.0,1017.4,Partially cloudy
2019-05-04T11:00:00,54.9,54.9,54.9,52.5,91.5,,3.6,,269.0,,0.0,,0.0,9.9,68.8,1017.2,Partially cloudy
2019-05-04T12:00:00,60.1,60.1,60.1,54.4,81.35,,3.4,,201.0,,0.0,,0.0,9.9,44.1,1016.6,Partially cloudy
2019-05-04T13:00:00,64.6,64.6,64.6,54.6,69.95,,4.5,,153.0,,0.0,,0.0,8.9,65.7,1016.0,Partially cloudy
2019-05-04T14:00:00,65.9,65.9,65.9,53.9,65.2,,5.4,,175.0,,0.0,,0.0,9.9,45.9,1015.1,Partially cloudy
2019-05-04T15:00:00,68.8,68.8,68.8,53.9,58.83,,8.5,,163.0,,0.0,,0.0,9.9,36.5,1014.1,Partially cloudy
2019-05-04T16:00:00,69.9,69.9,69.9,51.5,52.11,,7.5,17.2,201.0,,0.0,,0.0,9.9,4.4,1013.1,Clear
2019-05-04T17:00:00,70.8,70.8,70.8,52.1,51.61,,10.2,18.3,193.0,,0.0,,0.0,9.9,23.1,1011.9,Clear
2019-05-04T18:00:00,70.5,70.5,70.5,52.1,52.24,,9.8,,195.0,,0.0,,0.0,9.9,0.0,1011.3,Clear
2019-05-04T19:00:00,69.2,69.2,69.2,51.5,53.27,,9.9,,177.0,,0.0,,0.0,9.9,0.0,1011.0,Clear
2019-05-04T20:00:00,65.9,65.9,65.9,51.9,60.68,,6.9,,181.0,,0.0,,0.0,9.9,0.0,1011.2,Clear
2019-05-04T21:00:00,60.7,60.7,60.7,52.0,73.11,,2.0,,253.0,,0.0,,0.0,9.9,0.0,1011.6,Clear
2019-05-04T22:00:00,59.2,59.2,59.2,52.0,77.0,,2.0,,107.0,,0.0,,0.0,9.9,0.0,1011.7,Clear
2019-05-04T23:00:00,56.0,56.0,56.0,51.5,84.88,,2.0,,275.0,,0.0,,0.0,9.9,0.0,1012.3,Clear
2019-05-05T00:00:00,54.9,54.9,54.9,50.7,85.88,,0.7,,332.0,,0.0,,0.0,9.9,20.2,1012.1,Clear
2019-05-05T01:00:00,54.2,54.2,54.2,50.6,87.53,,1.7,,48.0,,0.0,,0.0,9.9,8.9,1012.2,Clear
2019-05-05T02:00:00,54.1,54.1,54.1,49.4,84.15,,2.0,,85.0,,0.0,,0.0,9.9,0.0,1011.9,Clear
2019-05-05T03:00:00,54.1,54.1,54.1,49.5,84.6,,2.0,,53.0,,0.0,,0.0,9.9,7.9,1011.4,Clear
2019-05-05T04:00:00,54.0,54.0,54.0,49.6,85.05,,2.3,,90.0,,0.0,,0.0,9.9,4.4,1010.8,Clear
2019-05-05T05:00:00,53.0,53.0,53.0,49.5,87.91,,2.3,,85.0,,0.0,,0.0,9.9,4.4,1010.8,Clear
2019-05-05T06:00:00,53.2,53.2,53.2,50.1,89.22,,3.1,,317.0,,0.0,,0.0,9.9,20.2,1010.7,Clear
2019-05-05T07:00:00,55.0,55.0,55.0,50.5,84.84,,2.7,,285.0,,0.0,,0.0,9.9,2.5,1010.9,Clear
2019-05-05T08:00:00,57.0,57.0,57.0,52.6,84.97,,3.1,,280.0,,0.0,,0.0,9.9,0.0,1011.4,Clear
2019-05-05T09:00:00,61.7,61.7,61.7,54.5,77.3,,7.7,,220.0,,0.0,,0.0,9.9,4.4,1011.4,Clear
2019-05-05T10:00:00,66.3,66.3,66.3,54.5,65.82,,11.0,19.7,208.0,,0.0,,0.0,9.9,10.8,1011.1,Clear
2019-05-05T11:00:00,70.2,70.2,70.2,53.6,55.53,,14.3,25.8,206.0,,0.0,,0.0,9.9,0.0,1010.7,Clear
2019-05-05T12:00:00,71.9,71.9,71.9,55.9,57.11,,16.3,21.8,199.0,,0.0,,0.0,9.9,0.0,1010.3,Clear
2019-05-05T13:00:00,74.2,74.2,74.2,57.1,55.27,,14.7,22.1,201.0,,0.0,,0.0,9.9,14.8,1009.6,Clear
2019-05-05T14:00:00,76.3,76.3,76.3,57.8,52.77,,13.4,21.9,186.0,,0.0,,0.0,9.9,12.3,1008.8,Clear
2019-05-05T15:00:00,78.0,78.0,78.0,59.1,52.22,,13.1,21.2,202.0,,0.0,,0.0,9.9,10.8,1008.2,Clear
2019-05-05T16:00:00,78.0,78.0,78.0,59.0,52.02,,15.6,25.3,204.0,,0.0,,0.0,9.9,51.9,1007.7,Partially cloudy
2019-05-05T17:00:00,78.1,78.1,78.1,58.8,51.5,,14.7,24.9,192.0,,0.0,,0.0,9.9,23.1,1006.9,Clear
2019-05-05T18:00:00,77.0,77.0,77.0,57.8,51.63,,13.8,22.3,189.0,,0.0,,0.0,9.9,12.3,1006.1,Clear
2019-05-05T19:00:00,74.2,74.2,74.2,56.8,54.74,,10.8,18.1,197.0,,0.0,,0.0,9.9,12.3,1005.9,Clear
2019-05-05T20:00:00,71.8,71.8,71.8,57.2,60.05,,12.5,,140.0,,0.0,,0.0,9.9,25.6,1006.7,Partially cloudy
2019-05-05T21:00:00,67.0,67.0,67.0,55.9,67.55,,5.6,,138.0,,0.0,,0.0,9.9,48.3,1007.9,Partially cloudy
2019-05-05T22:00:00,65.1,65.1,65.1,57.2,75.65,,7.2,17.2,105.0,,0.01,,0.0,9.9,54.4,1008.1,Rain Partially cloudy
2019-05-05T23:00:00,60.3,60.3,60.3,54.0,79.63,,11.9,26.3,115.0,,0.16,,0.0,8.3,44.8,1010.4,Rain Partially cloudy
2019-05-06T00:00:00,57.3,57.3,57.3,54.4,90.17,,14.4,21.0,103.0,,0.46,,0.0,9.3,50.0,1011.9,Rain Partially cloudy
2019-05-06T01:00:00,56.8,56.8,56.8,53.5,88.85,,10.7,32.1,59.0,,0.05,,0.0,9.9,19.8,1010.8,Rain
2019-05-06T02:00:00,56.0,56.0,56.0,53.6,91.64,,2.9,,108.0,,0.0,,0.0,9.9,0.0,1010.7,Clear
2019-05-06T03:00:00,56.0,56.0,56.0,52.1,86.78,,6.7,,144.0,,0.0,,0.0,8.9,0.0,1010.8,Clear
2019-05-06T04:00:00,55.6,55.6,55.6,54.7,97.09,,1.1,,335.0,,0.0,,0.0,9.9,12.3,1011.1,Clear
2019-05-06T05:00:00,53.2,53.2,53.2,53.0,99.46,,4.2,,306.0,,0.0,,0.0,8.9,12.3,1011.5,Clear
2019-05-06T06:00:00,51.8,51.8,51.8,51.7,99.82,,2.3,,355.0,,0.0,,0.0,9.9,21.7,1011.9,Clear
2019-05-06T07:00:00,52.3,52.3,52.3,52.4,100.0,,2.1,,311.0,,0.0,,0.0,9.7,21.8,1013.3,Clear
2019-05-06T08:00:00,56.8,56.8,56.8,54.4,91.82,,2.9,,8.0,,0.0,,0.0,9.9,59.3,1014.4,Partially cloudy
2019-05-06T09:00:00,60.2,60.2,60.2,55.9,85.52,,8.0,,40.0,,0.0,,0.0,8.9,12.3,1014.1,Clear
2019-05-06T10:00:00,62.3,62.3,62.3,56.5,81.3,,7.0,,76.0,,0.0,,0.0,7.8,37.9,1014.5,Partially cloudy
2019-05-06T11:00:00,65.2,65.2,65.2,56.7,74.12,,8.8,,75.0,,0.0,,0.0,9.9,24.6,1014.0,Clear
2019-05-06T12:00:00,67.1,67.1,67.1,57.8,72.15,,4.5,,62.0,,0.0,,0.0,9.9,38.8,1014.6,Partially cloudy
2019-05-06T13:00:00,68.8,68.8,68.8,57.9,68.29,,3.3,,41.0,,0.0,,0.0,9.9,49.6,1014.6,Partially cloudy
2019-05-06T14:00:00,68.7,68.7,68.7,57.3,67.03,,5.8,,63.0,,0.0,,0.0,9.9,17.5,1013.6,Clear
2019-05-06T15:00:00,71.2,71.2,71.2,59.2,66.0,,13.4,19.7,74.0,,0.0,,0.0,9.4,29.1,1012.0,Partially cloudy
2019-05-06T16:00:00,71.5,71.5,71.5,59.8,66.73,,12.2,,81.0,,0.02,,0.0,9.4,54.3,1011.7,Rain Partially cloudy
2019-05-06T17:00:00,69.4,69.4,69.4,58.7,68.89,,16.9,,52.0,,0.11,,0.0,8.9,60.7,1010.5,Rain Partially cloudy
2019-05-06T18:00:00,60.5,60.5,60.5,58.8,94.07,,12.0,33.0,35.0,,0.34,,0.0,8.6,37.3,1013.1,Rain Partially cloudy
2019-05-06T19:00:00,61.2,61.2,61.2,58.8,91.81,,11.6,24.2,56.0,,0.0,,0.0,9.9,41.9,1013.8,Partially cloudy
2019-05-06T20:00:00,59.6,59.6,59.6,58.6,96.48,,10.3,29.8,82.0,,0.0,,0.0,9.9,29.4,1013.3,Partially cloudy
2019-05-06T21:00:00,59.1,59.1,59.1,58.6,98.04,,8.4,,51.0,,0.0,,0.0,9.9,14.8,1013.2,Clear
2019-05-06T22:00:00,58.7,58.7,58.7,56.9,93.75,,9.7,,48.0,,0.0,,0.0,9.9,56.3,1013.5,Partially cloudy
2019-05-06T23:00:00,58.6,58.6,58.6,55.7,90.05,,9.3,,40.0,,0.0,,0.0,9.9,58.6,1013.5,Partially cloudy
2019-05-07T00:00:00,58.2,58.2,58.2,55.7,91.55,,10.2,16.1,40.0,,0.0,,0.0,9.9,70.1,1015.0,Partially cloudy
2019-05-07T01:00:00,58.1,58.1,58.1,55.3,90.37,,9.7,24.2,40.0,,0.0,,0.0,9.9,73.0,1015.1,Partially cloudy
2019-05-07T02:00:00,57.5,57.5,57.5,55.1,91.89,,9.8,,75.0,,0.11,,0.0,8.2,51.5,1016.5,Rain Partially cloudy
2019-05-07T03:00:00,57.7,57.7,57.7,55.2,91.18,,4.9,,89.0,,0.12,,0.0,6.0,57.6,1017.1,Rain Partially cloudy
2019-05-07T04:00:00,58.2,58.2,58.2,55.2,89.73,,14.5,25.3,85.0,,0.19,,0.0,7.0,56.7,1014.0,Rain Partially cloudy
2019-05-07T05:00:00,58.0,58.0,58.0,55.4,90.84,,7.3,18.3,342.0,,0.12,,0.0,8.2,55.7,1015.4,Rain Partially cloudy
2019-05-07T06:00:00,57.7,57.7,57.7,55.7,93.31,,1.6,,20.0,,0.08,,0.0,7.6,62.3,1016.2,Rain Partially cloudy
2019-05-07T07:00:00,57.6,57.6,57.6,55.3,92.09,,5.3,,351.0,,0.03,,0.0,9.9,57.1,1017.7,Rain Partially cloudy
2019-05-07T08:00:00,56.6,56.6,56.6,54.7,93.18,,9.8,19.5,78.0,,0.03,,0.0,9.9,64.0,1015.9,Rain Partially cloudy
2019-05-07T09:00:00,57.9,57.9,57.9,53.5,85.45,,7.9,18.3,54.0,,0.0,,0.0,9.9,54.4,1017.7,Partially cloudy
2019-05-07T10:00:00,58.5,58.5,58.5,54.6,87.11,,8.6,17.2,58.0,,0.0,,0.0,9.9,58.6,1017.8,Partially cloudy
2019-05-07T11:00:00,58.7,58.7,58.7,54.7,86.32,,7.3,,70.0,,0.0,,0.0,9.9,60.7,1018.4,Partially cloudy
2019-05-07T12:00:00,56.5,56.5,56.5,53.8,90.74,,11.4,,45.0,,0.0,,0.0,6.1,70.4,1018.7,Partially cloudy
2019-05-07T13:00:00,56.5,56.5,56.5,54.6,93.18,,10.7,,57.0,,0.0,,0.0,8.8,73.0,1017.8,Partially cloudy
2019-05-07T14:00:00,57.7,57.7,57.7,55.2,91.21,,9.0,,71.0,,0.0,,0.0,8.3,73.0,1017.1,Partially cloudy
2019-05-07T15:00:00,58.5,58.5,58.5,55.8,90.79,,8.7,,75.0,,0.0,,0.0,9.9,73.0,1016.8,Partially cloudy
2019-05-07T16:00:00,59.2,59.2,59.2,57.0,92.48,,8.1,,82.0,,0.03,,0.0,7.6,70.1,1015.8,Rain Partially cloudy
2019-05-07T17:00:00,60.1,60.1,60.1,57.1,89.94,,8.6,,83.0,,0.01,,0.0,9.9,72.1,1015.2,Rain Partially cloudy
2019-05-07T18:00:00,60.0,60.0,60.0,57.8,92.3,,8.1,,78.0,,0.02,,0.0,9.9,73.0,1014.5,Rain Partially cloudy
2019-05-07T19:00:00,60.0,60.0,60.0,57.8,92.17,,7.7,,71.0,,0.03,,0.0,8.9,73.0,1013.9,Rain Partially cloudy
2019-05-07T20:00:00,60.5,60.5,60.5,57.8,90.77,,11.0,,70.0,,0.0,,0.0,9.9,73.0,1012.2,Partially cloudy
2019-05-07T21:00:00,60.7,60.7,60.7,58.4,92.37,,11.9,,72.0,,0.0,,0.0,9.9,73.0,1011.8,Partially cloudy
2019-05-07T22:00:00,61.1,61.1,61.1,58.4,90.87,,7.9,,71.0,,0.0,,0.0,8.3,73.0,1012.8,Partially cloudy
2019-05-07T23:00:00,60.1,60.1,60.1,58.6,94.52,,11.3,,71.0,,0.05,,0.0,7.1,70.9,1011.9,Rain Partially cloudy
2019-05-08T00:00:00,60.1,60.1,60.1,58.5,94.33,,7.9,,73.0,,0.24,,0.0,8.8,72.5,1011.2,Rain Partially cloudy
2019-05-08T01:00:00,60.1,60.1,60.1,58.5,94.53,,6.1,,69.0,,0.18,,0.0,4.9,70.1,1010.6,Rain Partially cloudy
2019-05-08T02:00:00,59.4,59.4,59.4,57.7,94.04,,9.3,,71.0,,0.2,,0.0,6.7,45.8,1009.3,Rain Partially cloudy
2019-05-08T03:00:00,58.2,58.2,58.2,56.5,93.84,,11.5,,53.0,,0.33,,0.0,5.7,59.8,1006.7,Rain Partially cloudy
2019-05-08T04:00:00,57.3,57.3,57.3,55.8,94.62,,12.9,,39.0,,0.38,,0.0,5.0,43.2,1004.5,Rain Partially cloudy
2019-05-08T05:00:00,56.7,56.7,56.7,55.2,94.78,,10.8,18.9,26.0,,0.35,,0.0,6.2,50.5,1003.6,Rain Partially cloudy
2019-05-08T06:00:00,56.9,56.9,56.9,55.1,93.63,,7.8,,52.0,,0.12,,0.0,4.9,56.6,1003.0,Rain Partially cloudy
2019-05-08T07:00:00,57.2,57.2,57.2,55.2,93.22,,5.5,,354.0,,0.03,,0.0,8.9,34.9,1003.0,Rain Partially cloudy
2019-05-08T08:00:00,57.7,57.7,57.7,55.8,93.43,,5.9,,342.0,,0.0,,0.0,9.9,73.0,1002.3,Partially cloudy
2019-05-08T09:00:00,57.0,57.0,57.0,55.8,95.83,,9.5,,289.0,,0.01,,0.0,9.9,73.0,1004.0,Rain Partially cloudy
2019-05-08T10:00:00,58.4,58.4,58.4,56.4,92.97,,9.0,,266.0,,0.0,,0.0,9.9,73.0,1004.3,Partially cloudy
2019-05-08T11:00:00,59.9,59.9,59.9,56.5,88.62,,7.1,,255.0,,0.0,,0.0,9.9,73.0,1004.3,Partially cloudy
2019-05-08T12:00:00,64.3,64.3,64.3,58.4,81.28,,7.8,,239.0,,0.0,,0.0,9.9,43.4,1003.5,Partially cloudy
2019-05-08T13:00:00,66.5,66.5,66.5,58.4,75.32,,7.4,,256.0,,0.0,,0.0,9.9,59.3,1003.3,Partially cloudy
2019-05-08T14:00:00,67.6,67.6,67.6,58.3,72.08,,8.0,,243.0,,0.0,,0.0,9.9,57.3,1002.7,Partially cloudy
2019-05-08T15:00:00,68.6,68.6,68.6,58.3,69.61,,8.4,,256.0,,0.0,,0.0,9.9,66.1,1002.9,Partially cloudy
2019-05-08T16:00:00,68.2,68.2,68.2,57.8,69.47,,10.6,,293.0,,0.0,,0.0,9.9,51.0,1002.8,Partially cloudy
2019-05-08T17:00:00,68.4,68.4,68.4,57.1,67.15,,10.7,20.8,340.0,,0.0,,0.0,9.9,55.3,1002.9,Partially cloudy
2019-05-08T18:00:00,63.1,63.1,63.1,56.5,78.99,,13.3,20.3,345.0,,0.0,,0.0,9.9,59.1,1003.4,Partially cloudy
2019-05-08T19:00:00,59.7,59.7,59.7,54.1,81.75,,9.1,21.1,342.0,,0.01,,0.0,9.2,69.8,1004.9,Rain Partially cloudy
2019-05-08T20:00:00,56.3,56.3,56.3,52.1,85.94,,9.2,,345.0,,0.18,,0.0,8.7,48.2,1006.0,Rain Partially cloudy
2019-05-08T21:00:00,54.4,54.4,54.4,49.6,83.75,,11.5,22.6,2.0,,0.03,,0.0,9.9,52.1,1006.0,Rain Partially cloudy
2019-05-08T22:00:00,52.7,52.7,52.7,47.3,81.94,,10.5,,355.0,,0.0,,0.0,9.9,73.0,1008.0,Partially cloudy
2019-05-08T23:00:00,50.9,50.9,50.9,44.2,77.97,,11.6,25.4,341.0,,0.0,,0.0,9.9,73.0,1009.0,Partially cloudy
2019-05-09T00:00:00,49.8,49.8,49.8,43.1,77.75,,10.5,21.9,340.0,45.6,0.0,,0.0,9.9,73.0,1009.9,Partially cloudy
2019-05-09T01:00:00,48.2,48.2,48.2,41.8,78.38,,12.3,23.0,345.0,43.1,0.0,,0.0,9.9,62.8,1011.0,Partially cloudy
2019-05-09T02:00:00,46.5,46.5,46.5,39.0,75.05,,13.0,22.5,340.0,40.7,0.0,,0.0,9.9,73.0,1011.5,Partially cloudy
2019-05-09T03:00:00,45.3,45.3,45.3,38.4,76.73,,11.2,21.9,333.0,39.7,0.0,,0.0,9.9,73.0,1012.1,Partially cloudy
2019-05-09T04:00:00,43.6,43.6,43.6,37.2,77.94,,10.6,21.2,335.0,37.9,0.0,,0.0,9.9,72.5,1012.6,Partially cloudy
2019-05-09T05:00:00,42.9,42.9,42.9,35.8,75.91,,12.8,20.9,347.0,36.2,0.0,,0.0,9.9,71.8,1013.1,Partially cloudy
2019-05-09T06:00:00,42.4,42.4,42.4,35.8,77.22,,11.0,24.1,349.0,36.2,0.0,,0.0,9.9,70.1,1013.8,Partially cloudy
2019-05-09T07:00:00,42.3,42.3,42.3,35.1,75.66,,14.0,21.7,358.0,35.0,0.0,,0.0,9.9,73.0,1014.6,Partially cloudy
2019-05-09T08:00:00,42.7,42.7,42.7,34.5,72.83,,12.3,27.7,4.0,36.1,0.0,,0.0,9.9,70.4,1015.3,Partially cloudy
2019-05-09T09:00:00,43.4,43.4,43.4,34.7,71.23,,11.8,24.3,12.0,37.1,0.0,,0.0,9.9,73.0,1016.3,Partially cloudy
2019-05-09T10:00:00,43.9,43.9,43.9,35.2,71.08,,14.2,23.2,17.0,37.1,0.0,,0.0,9.9,73.0,1016.6,Partially cloudy
2019-05-09T11:00:00,45.0,45.0,45.0,35.3,68.45,,13.4,20.3,8.0,38.7,0.0,,0.0,9.9,73.0,1017.5,Partially cloudy
2019-05-09T12:00:00,46.0,46.0,46.0,36.3,68.87,,13.6,21.7,17.0,39.9,0.0,,0.0,9.9,70.1,1017.6,Partially cloudy
2019-05-09T13:00:00,47.1,47.1,47.1,36.4,66.21,,12.2,19.5,7.0,41.7,0.0,,0.0,9.9,70.1,1018.4,Partially cloudy
2019-05-09T14:00:00,47.6,47.6,47.6,37.8,68.43,,7.7,,10.0,44.0,0.0,,0.0,9.9,67.1,1018.9,Partially cloudy
2019-05-09T15:00:00,48.4,48.4,48.4,37.2,65.03,,9.4,,2.0,44.3,0.0,,0.0,9.9,63.6,1018.7,Partially cloudy
2019-05-09T16:00:00,51.0,51.0,51.0,39.1,63.6,,11.8,19.7,346.0,,0.0,,0.0,9.9,54.2,1018.6,Partially cloudy
2019-05-09T17:00:00,52.4,52.4,52.4,39.7,61.76,,10.4,,350.0,,0.0,,0.0,9.9,48.1,1017.9,Partially cloudy
2019-05-09T18:00:00,53.3,53.3,53.3,39.7,59.79,,10.1,17.3,358.0,,0.0,,0.0,9.9,49.5,1017.7,Partially cloudy
2019-05-09T19:00:00,53.6,53.6,53.6,40.2,60.36,,10.1,20.8,350.0,,0.0,,0.0,9.9,57.4,1018.0,Partially cloudy
2019-05-09T20:00:00,52.4,52.4,52.4,41.0,64.98,,7.7,,4.0,,0.0,,0.0,9.9,47.9,1018.0,Partially cloudy
2019-05-09T21:00:00,51.3,51.3,51.3,43.9,75.77,,1.6,,15.0,,0.0,,0.0,9.9,58.3,1019.5,Partially cloudy
2019-05-09T22:00:00,50.6,50.6,50.6,43.7,77.07,,0.6,,10.0,,0.0,,0.0,9.9,73.0,1019.9,Partially cloudy
2019-05-09T23:00:00,49.9,49.9,49.9,42.6,75.86,,2.4,,58.0,,0.0,,0.0,9.9,69.6,1021.2,Partially cloudy
2019-05-10T00:00:00,48.2,48.2,48.2,42.5,80.5,,3.7,,60.0,47.0,0.0,,0.0,9.9,70.1,1021.7,Partially cloudy
2019-05-10T01:00:00,48.0,48.0,48.0,43.5,84.06,,0.4,,16.0,,0.0,,0.0,9.9,67.6,1022.5,Partially cloudy
2019-05-10T02:00:00,47.9,47.9,47.9,44.5,88.12,,0.0,,0.0,,0.0,,0.0,9.9,70.1,1022.4,Partially cloudy
2019-05-10T03:00:00,47.4,47.4,47.4,43.0,84.69,,1.8,,325.0,,0.0,,0.0,9.9,57.6,1022.2,Partially cloudy
2019-05-10T04:00:00,45.7,45.7,45.7,42.5,88.55,,2.5,,337.0,,0.0,,0.0,9.9,59.8,1021.2,Partially cloudy
2019-05-10T05:00:00,42.3,42.3,42.3,40.9,94.93,,1.6,,350.0,,0.0,,0.0,9.9,0.0,1020.7,Clear
2019-05-10T06:00:00,40.8,40.8,40.8,39.7,95.69,,1.8,,279.0,,0.0,,0.0,9.9,0.0,1022.7,Clear
2019-05-10T07:00:00,41.2,41.2,41.2,39.6,94.21,,0.0,,0.0,,0.0,,0.0,8.3,2.5,1023.7,Clear
2019-05-10T08:00:00,47.2,47.2,47.2,42.9,84.98,,1.1,,275.0,,0.0,,0.0,9.9,4.4,1024.1,Clear
2019-05-10T09:00:00,50.5,50.5,50.5,42.2,73.05,,0.0,,0.0,,0.0,,0.0,9.9,0.0,1023.8,Clear
2019-05-10T10:00:00,54.1,54.1,54.1,40.3,59.68,,5.8,,331.0,,0.0,,0.0,9.9,3.4,1023.6,Clear
2019-05-10T11:00:00,56.0,56.0,56.0,40.9,56.97,,6.7,,309.0,,0.0,,0.0,9.9,26.1,1023.4,Partially cloudy
2019-05-10T12:00:00,57.2,57.2,57.2,39.4,51.25,,4.9,,3.0,,0.0,,0.0,9.9,29.4,1022.4,Partially cloudy
2019-05-10T13:00:00,57.5,57.5,57.5,38.4,48.83,,0.0,,0.0,,0.0,,0.0,9.9,56.9,1021.8,Partially cloudy
2019-05-10T14:00:00,58.7,58.7,58.7,39.3,48.32,,2.7,,11.0,,0.0,,0.0,9.9,54.2,1021.4,Partially cloudy
2019-05-10T15:00:00,59.5,59.5,59.5,38.6,45.9,,2.9,,45.0,,0.0,,0.0,9.9,65.7,1021.1,Partially cloudy
2019-05-10T16:00:00,59.7,59.7,59.7,38.5,45.36,,2.7,,24.0,,0.0,,0.0,9.9,65.7,1020.4,Partially cloudy
2019-05-10T17:00:00,60.1,60.1,60.1,39.0,45.55,,0.6,,20.0,,0.0,,0.0,9.9,53.3,1020.3,Partially cloudy
2019-05-10T18:00:00,59.3,59.3,59.3,38.5,46.0,,1.1,,60.0,,0.0,,0.0,9.9,31.4,1020.1,Partially cloudy
2019-05-10T19:00:00,58.3,58.3,58.3,39.6,49.64,,1.1,,80.0,,0.0,,0.0,9.9,65.6,1020.0,Partially cloudy
2019-05-10T20:00:00,56.4,56.4,56.4,42.2,58.88,,2.9,,102.0,,0.0,,0.0,9.9,40.0,1019.6,Partially cloudy
2019-05-10T21:00:00,55.3,55.3,55.3,43.6,64.69,,4.9,,107.0,,0.0,,0.0,9.9,55.0,1019.0,Partially cloudy
2019-05-10T22:00:00,54.4,54.4,54.4,43.6,67.02,,6.7,,129.0,,0.0,,0.0,9.9,64.0,1019.3,Partially cloudy
2019-05-10T23:00:00,53.0,53.0,53.0,44.7,73.38,,4.1,,102.0,,0.0,,0.0,9.9,57.6,1019.1,Partially cloudy
2019-05-11T00:00:00,52.8,52.8,52.8,44.9,74.42,,3.5,,104.0,,0.0,,0.0,9.9,57.5,1018.6,Partially cloudy
2019-05-11T01:00:00,52.5,52.5,52.5,45.4,76.81,,1.6,,80.0,,0.0,,0.0,9.9,70.1,1018.7,Partially cloudy
2019-05-11T02:00:00,51.3,51.3,51.3,46.3,82.92,,0.0,,0.0,,0.0,,0.0,9.9,73.0,1018.5,Partially cloudy
2019-05-11T03:00:00,51.3,51.3,51.3,46.4,83.34,,2.0,,70.0,,0.0,,0.0,9.9,62.8,1017.8,Partially cloudy
2019-05-11T04:00:00,51.1,51.1,51.1,45.7,81.47,,2.7,,80.0,,0.0,,0.0,9.9,60.7,1017.1,Partially cloudy
2019-05-11T05:00:00,50.1,50.1,50.1,45.1,82.86,,0.0,,0.0,,0.0,,0.0,9.9,60.6,1016.8,Partially cloudy
2019-05-11T06:00:00,50.0,50.0,50.0,45.5,84.44,,0.0,,0.0,,0.0,,0.0,9.9,63.2,1016.4,Partially cloudy
2019-05-11T07:00:00,49.4,49.4,49.4,46.1,88.34,,0.0,,0.0,,0.0,,0.0,9.9,43.2,1016.5,Partially cloudy
2019-05-11T08:00:00,51.3,51.3,51.3,46.2,82.67,,1.6,,80.0,,0.0,,0.0,9.9,28.6,1016.2,Partially cloudy
2019-05-11T09:00:00,52.7,52.7,52.7,46.3,78.79,,2.4,,105.0,,0.0,,0.0,9.9,44.9,1016.1,Partially cloudy
2019-05-11T10:00:00,53.8,53.8,53.8,46.2,75.31,,2.7,,85.0,,0.0,,0.0,9.9,47.5,1016.0,Partially cloudy
2019-05-11T11:00:00,55.5,55.5,55.5,45.7,69.48,,5.8,,137.0,,0.0,,0.0,9.9,47.9,1015.8,Partially cloudy
2019-05-11T12:00:00,57.6,57.6,57.6,44.8,62.4,,6.4,,157.0,,0.0,,0.0,9.9,52.8,1015.4,Partially cloudy
2019-05-11T13:00:00,59.0,59.0,59.0,44.4,58.33,,7.2,,141.0,,0.0,,0.0,9.9,57.7,1014.4,Partially cloudy
2019-05-11T14:00:00,58.5,58.5,58.5,44.3,59.04,,4.5,,121.0,,0.0,,0.0,9.9,58.3,1013.6,Partially cloudy
2019-05-11T15:00:00,60.1,60.1,60.1,44.3,55.78,,7.6,,170.0,,0.0,,0.0,9.9,50.0,1013.1,Partially cloudy
2019-05-11T16:00:00,60.6,60.6,60.6,44.8,56.08,,6.2,,176.0,,0.0,,0.0,9.9,60.7,1012.2,Partially cloudy
2019-05-11T17:00:00,60.7,60.7,60.7,44.8,55.75,,8.2,16.1,189.0,,0.0,,0.0,9.9,65.5,1011.4,Partially cloudy
2019-05-11T18:00:00,61.4,61.4,61.4,44.8,54.41,,7.0,,197.0,,0.0,,0.0,9.9,29.4,1010.4,Partially cloudy
2019-05-11T19:00:00,60.7,60.7,60.7,44.8,55.87,,6.8,,182.0,,0.0,,0.0,9.9,35.4,1010.0,Partially cloudy
2019-05-11T20:00:00,59.2,59.2,59.2,45.8,61.06,,6.0,,157.0,,0.0,,0.0,9.9,68.6,1010.1,Partially cloudy
2019-05-11T21:00:00,56.2,56.2,56.2,47.4,72.33,,7.2,,153.0,,0.0,,0.0,9.9,51.9,1010.8,Partially cloudy
2019-05-11T22:00:00,54.4,54.4,54.4,48.7,80.8,,9.8,,105.0,,0.0,,0.0,9.9,55.9,1010.8,Partially cloudy
2019-05-11T23:00:00,53.9,53.9,53.9,48.6,82.09,,10.9,,93.0,,0.0,,0.0,9.9,68.7,1010.4,Partially cloudy
2019-05-12T00:00:00,53.7,53.7,53.7,48.2,81.44,,8.3,,175.0,,0.04,,0.0,9.9,60.7,1010.4,Rain Partially cloudy
2019-05-12T01:00:00,51.8,51.8,51.8,48.6,88.62,,4.2,,171.0,,0.16,,0.0,7.3,66.4,1010.8,Rain Partially cloudy
2019-05-12T02:00:00,51.3,51.3,51.3,48.1,88.75,,5.9,,237.0,,0.32,,0.0,5.4,43.2,1010.8,Rain Partially cloudy
2019-05-12T03:00:00,50.3,50.3,50.3,48.0,91.67,,4.7,,164.0,,0.09,,0.0,9.9,44.4,1010.0,Rain Partially cloudy
2019-05-12T04:00:00,48.0,48.0,48.0,46.2,93.55,,4.7,,169.0,46.1,0.0,,0.0,9.9,0.0,1009.7,Clear
2019-05-12T05:00:00,48.1,48.1,48.1,45.8,91.41,,1.6,,280.0,,0.0,,0.0,9.9,23.1,1009.6,Clear
2019-05-12T06:00:00,47.2,47.2,47.2,45.4,93.54,,1.5,,316.0,,0.0,,0.0,9.2,23.1,1009.7,Clear
2019-05-12T07:00:00,46.6,46.6,46.6,45.4,95.46,,0.2,,349.0,,0.09,,0.0,6.4,33.5,1010.2,Rain Partially cloudy
2019-05-12T08:00:00,50.0,50.0,50.0,49.2,96.9,,1.3,,276.0,,0.0,,0.0,8.0,69.3,1010.2,Partially cloudy
2019-05-12T09:00:00,52.1,52.1,52.1,49.9,92.27,,5.6,,279.0,,0.0,,0.0,9.9,60.7,1010.7,Partially cloudy
2019-05-12T10:00:00,55.3,55.3,55.3,48.8,78.47,,2.8,,326.0,,0.0,,0.0,9.9,53.9,1010.5,Partially cloudy
2019-05-12T11:00:00,58.4,58.4,58.4,48.4,69.15,,8.9,,256.0,,0.0,,0.0,9.9,26.5,1010.4,Partially cloudy
2019-05-12T12:00:00,60.5,60.5,60.5,45.0,56.68,,9.4,19.7,275.0,,0.0,,0.0,9.9,62.2,1010.5,Partially cloudy
2019-05-12T13:00:00,62.2,62.2,62.2,45.3,53.97,,9.1,17.7,322.0,,0.0,,0.0,9.9,27.6,1010.3,Partially cloudy
2019-05-12T14:00:00,62.6,62.6,62.6,44.2,50.97,,9.7,19.7,327.0,,0.0,,0.0,9.9,34.5,1010.0,Partially cloudy
2019-05-12T15:00:00,62.5,62.5,62.5,45.5,53.69,,8.5,17.2,317.0,,0.0,,0.0,9.9,45.0,1010.3,Partially cloudy
2019-05-12T16:00:00,62.8,62.8,62.8,45.5,53.13,,9.9,17.2,310.0,,0.0,,0.0,9.9,55.4,1010.2,Partially cloudy
2019-05-12T17:00:00,63.2,63.2,63.2,48.0,57.73,,6.8,16.1,1.0,,0.0,,0.0,9.9,58.8,1010.3,Partially cloudy
2019-05-12T18:00:00,64.3,64.3,64.3,46.3,51.95,,8.2,17.1,323.0,,0.0,,0.0,9.9,42.5,1010.4,Partially cloudy
2019-05-12T19:00:00,64.4,64.4,64.4,46.1,51.6,,5.7,,343.0,,0.0,,0.0,9.9,14.8,1010.4,Clear
2019-05-12T20:00:00,61.4,61.4,61.4,45.5,55.86,,3.4,,346.0,,0.0,,0.0,9.9,2.5,1010.6,Clear
2019-05-12T21:00:00,55.8,55.8,55.8,46.1,69.99,,0.0,,0.0,,0.0,,0.0,9.9,0.0,1011.3,Clear
2019-05-12T22:00:00,50.8,50.8,50.8,46.3,84.77,,0.0,,0.0,,0.0,,0.0,9.9,0.0,1011.9,Clear
2019-05-12T23:00:00,49.0,49.0,49.0,45.2,86.7,,1.1,,65.0,,0.0,,0.0,9.9,0.0,1012.6,Clear
2019-05-13T00:00:00,47.0,47.0,47.0,44.5,91.17,,2.0,,60.0,,0.0,,0.0,9.9,0.0,1012.9,Clear
2019-05-13T01:00:00,46.7,46.7,46.7,45.0,93.81,,2.7,,55.0,,0.0,,0.0,9.9,0.0,1013.0,Clear
2019-05-13T02:00:00,45.7,45.7,45.7,44.4,95.14,,3.1,,65.0,44.7,0.0,,0.0,9.9,0.0,1012.8,Clear
2019-05-13T03:00:00,45.0,45.0,45.0,43.8,95.5,,2.7,,65.0,,0.0,,0.0,9.9,19.8,1012.8,Clear
2019-05-13T04:00:00,44.9,44.9,44.9,44.0,96.58,,3.8,,63.0,43.2,0.0,,0.0,9.3,0.0,1012.9,Clear
2019-05-13T05:00:00,44.0,44.0,44.0,43.4,97.8,,1.1,,70.0,,0.0,,0.0,8.3,0.0,1013.8,Clear
2019-05-13T06:00:00,43.3,43.3,43.3,41.1,91.68,,0.0,,0.0,,0.0,,0.0,6.9,0.0,1014.4,Clear
2019-05-13T07:00:00,43.8,43.8,43.8,43.0,97.22,,1.8,,82.0,,0.0,,0.0,5.4,33.3,1014.9,Partially cloudy
2019-05-13T08:00:00,47.9,47.9,47.9,46.6,95.41,,5.3,,99.0,45.6,0.0,,0.0,6.3,39.6,1015.0,Partially cloudy
2019-05-13T09:00:00,53.2,53.2,53.2,50.0,88.86,,5.8,,88.0,,0.0,,0.0,9.9,10.8,1015.1,Clear
2019-05-13T10:00:00,59.7,59.7,59.7,52.1,75.97,,5.7,,91.0,,0.0,,0.0,9.9,0.0,1015.1,Clear
2019-05-13T11:00:00,64.9,64.9,64.9,50.5,59.5,,6.2,,127.0,,0.0,,0.0,9.9,0.0,1014.4,Clear
2019-05-13T12:00:00,67.0,67.0,67.0,48.1,50.56,,3.3,,95.0,,0.0,,0.0,9.9,0.0,1014.1,Clear
2019-05-13T13:00:00,70.0,70.0,70.0,49.1,47.42,,4.2,,92.0,,0.0,,0.0,9.9,0.0,1013.6,Clear
2019-05-13T14:00:00,71.7,71.7,71.7,48.1,43.23,,9.6,,174.0,,0.0,,0.0,9.9,0.0,1013.1,Clear
2019-05-13T15:00:00,72.8,72.8,72.8,49.2,43.33,,12.6,20.8,157.0,,0.0,,0.0,9.9,0.0,1012.6,Clear
2019-05-13T16:00:00,73.6,73.6,73.6,48.5,41.05,,10.7,21.9,170.0,,0.0,,0.0,9.9,0.0,1011.8,Clear
2019-05-13T17:00:00,74.7,74.7,74.7,48.7,39.79,,10.1,21.9,160.0,,0.0,,0.0,9.9,0.0,1011.3,Clear
2019-05-13T18:00:00,74.8,74.8,74.8,47.9,38.65,,8.3,,173.0,,0.0,,0.0,9.9,0.0,1011.3,Clear
2019-05-13T19:00:00,73.6,73.6,73.6,48.3,40.83,,8.8,,160.0,,0.0,,0.0,9.9,0.0,1011.1,Clear
2019-05-13T20:00:00,70.4,70.4,70.4,49.3,47.1,,5.8,,159.0,,0.0,,0.0,9.9,0.0,1011.4,Clear
2019-05-13T21:00:00,64.4,64.4,64.4,50.0,59.55,,5.1,,155.0,,0.0,,0.0,9.9,0.0,1011.7,Clear
2019-05-13T22:00:00,60.3,60.3,60.3,50.7,70.45,,2.2,,82.0,,0.0,,0.0,9.9,0.0,1012.3,Clear
2019-05-13T23:00:00,61.0,61.0,61.0,50.6,68.69,,4.1,,88.0,,0.0,,0.0,9.9,0.0,1012.4,Clear
2019-05-14T00:00:00,60.4,60.4,60.4,50.0,68.62,,3.3,,91.0,,0.0,,0.0,9.9,0.0,1012.6,Clear
2019-05-14T01:00:00,59.6,59.6,59.6,50.0,70.45,,4.3,,222.0,,0.0,,0.0,9.9,0.0,1012.7,Clear
2019-05-14T02:00:00,58.6,58.6,58.6,50.0,73.25,,6.5,,182.0,,0.0,,0.0,9.9,0.0,1012.2,Clear
2019-05-14T03:00:00,58.3,58.3,58.3,50.0,73.64,,6.8,,182.0,,0.0,,0.0,9.9,0.0,1011.7,Clear
2019-05-14T04:00:00,58.2,58.2,58.2,49.9,73.98,,5.8,,178.0,,0.0,,0.0,9.9,0.0,1011.4,Clear
2019-05-14T05:00:00,57.1,57.1,57.1,49.2,75.01,,5.4,,178.0,,0.0,,0.0,9.9,0.0,1011.5,Clear
2019-05-14T06:00:00,55.7,55.7,55.7,49.2,78.74,,4.2,,349.0,,0.0,,0.0,9.9,0.0,1011.5,Clear
2019-05-14T07:00:00,54.1,54.1,54.1,49.2,83.4,,5.6,,62.0,,0.0,,0.0,9.9,0.0,1011.8,Clear
2019-05-14T08:00:00,57.0,57.0,57.0,51.9,83.14,,4.4,,82.0,,0.0,,0.0,9.9,0.0,1012.0,Clear
2019-05-14T09:00:00,63.2,63.2,63.2,53.2,69.98,,6.4,,110.0,,0.0,,0.0,9.9,0.0,1012.2,Clear
2019-05-14T10:00:00,69.7,69.7,69.7,56.7,63.41,,5.7,,229.0,,0.0,,0.0,9.9,0.0,1011.9,Clear
2019-05-14T11:00:00,74.8,74.8,74.8,59.8,59.55,,5.8,,220.0,,0.0,,0.0,9.9,0.0,1011.5,Clear
2019-05-14T12:00:00,78.3,78.3,78.3,59.8,53.07,,8.2,,230.0,,0.0,,0.0,9.9,0.0,1011.3,Clear
2019-05-14T13:00:00,80.5,80.5,80.5,61.7,52.69,81.6,7.6,,227.0,,0.0,,0.0,9.9,0.0,1011.0,Clear
2019-05-14T14:00:00,81.8,81.8,81.8,61.1,49.53,82.5,8.5,,213.0,,0.0,,0.0,9.9,0.0,1010.5,Clear
2019-05-14T15:00:00,82.7,82.7,82.7,60.6,47.37,83.1,5.6,,201.0,,0.0,,0.0,9.9,0.0,1009.9,Clear
2019-05-14T16:00:00,83.7,83.7,83.7,60.6,45.75,83.9,6.8,,243.0,,0.0,,0.0,9.8,0.0,1009.5,Clear
2019-05-14T17:00:00,84.9,84.9,84.9,61.1,44.78,85.1,6.7,,232.0,,0.0,,0.0,9.9,21.7,1009.1,Clear
2019-05-14T18:00:00,84.4,84.4,84.4,60.5,44.56,84.5,5.4,,235.0,,0.0,,0.0,9.9,0.0,1009.2,Clear
2019-05-14T19:00:00,84.0,84.0,84.0,60.9,45.86,84.3,2.3,,305.0,,0.0,,0.0,9.9,21.7,1009.3,Clear
2019-05-14T20:00:00,79.9,79.9,79.9,62.2,54.64,,2.2,,315.0,,0.0,,0.0,9.9,0.0,1009.5,Clear
2019-05-14T21:00:00,72.3,72.3,72.3,61.6,69.15,,1.6,,15.0,,0.0,,0.0,9.9,21.7,1009.8,Clear
2019-05-14T22:00:00,69.0,69.0,69.0,62.1,78.67,,1.1,,45.0,,0.0,,0.0,9.9,0.0,1010.3,Clear
2019-05-14T23:00:00,67.7,67.7,67.7,62.1,82.21,,2.0,,50.0,,0.0,,0.0,9.9,12.3,1010.9,Clear
2019-05-15T00:00:00,66.1,66.1,66.1,61.6,85.44,,0.0,,0.0,,0.0,,0.0,9.9,0.0,1011.1,Clear
2019-05-15T01:00:00,63.6,63.6,63.6,61.0,91.09,,0.0,,0.0,,0.0,,0.0,9.9,0.0,1011.3,Clear
2019-05-15T02:00:00,62.4,62.4,62.4,59.7,90.77,,3.4,,281.0,,0.0,,0.0,9.9,0.0,1011.4,Clear
2019-05-15T03:00:00,61.1,61.1,61.1,59.1,93.04,,0.0,,0.0,,0.0,,0.0,9.9,0.0,1010.7,Clear
2019-05-15T04:00:00,59.6,59.6,59.6,57.9,94.1,,1.6,,360.0,,0.0,,0.0,8.3,0.0,1010.5,Clear
2019-05-15T05:00:00,59.1,59.1,59.1,57.0,92.84,,2.1,,355.0,,0.0,,0.0,5.7,0.0,1010.6,Clear
2019-05-15T06:00:00,58.7,58.7,58.7,56.5,92.32,,2.0,,359.0,,0.0,,0.0,9.9,0.0,1010.9,Clear
2019-05-15T07:00:00,59.4,59.4,59.4,57.6,93.8,,1.8,,92.0,,0.0,,0.0,9.9,0.0,1012.2,Clear
2019-05-15T08:00:00,63.1,63.1,63.1,60.2,90.09,,2.0,9.2,330.0,,0.0,,0.0,9.9,21.7,1013.5,Clear
2019-05-15T09:00:00,65.8,65.8,65.8,61.7,86.69,,7.7,,73.0,,0.02,,0.0,9.9,12.3,1013.9,Rain
2019-05-15T10:00:00,69.4,69.4,69.4,63.0,80.11,,1.5,,87.0,,0.0,,0.0,9.9,14.8,1013.5,Clear
2019-05-15T11:00:00,71.8,71.8,71.8,63.8,75.87,,8.3,,103.0,,0.0,,0.0,9.9,20.2,1013.1,Clear
2019-05-15T12:00:00,76.6,76.6,76.6,64.7,66.82,,7.7,16.1,114.0,,0.0,,0.0,9.9,4.4,1012.3,Clear
2019-05-15T13:00:00,77.3,77.3,77.3,63.6,62.84,,10.6,,144.0,,0.0,,0.0,9.9,17.1,1011.7,Clear
2019-05-15T14:00:00,80.6,80.6,80.6,65.6,60.25,82.6,8.7,16.1,113.0,,0.0,,0.0,9.9,6.3,1011.8,Clear
2019-05-15T15:00:00,82.5,82.5,82.5,63.5,52.62,83.8,9.0,19.7,146.0,,0.0,,0.0,9.9,2.5,1011.3,Clear
2019-05-15T16:00:00,85.3,85.3,85.3,61.5,44.9,85.7,11.7,21.9,146.0,,0.0,,0.0,9.9,2.5,1010.8,Clear
2019-05-15T17:00:00,85.8,85.8,85.8,60.8,43.09,85.9,12.7,,159.0,,0.0,,0.0,9.9,4.4,1010.2,Clear
2019-05-15T18:00:00,85.2,85.2,85.2,60.3,43.09,85.2,12.1,,172.0,,0.0,,0.0,9.9,2.5,1009.9,Clear
2019-05-15T19:00:00,83.3,83.3,83.3,61.0,47.11,83.7,12.7,,157.0,,0.0,,0.0,9.9,0.0,1009.4,Clear
2019-05-15T20:00:00,80.7,80.7,80.7,62.4,53.74,81.9,8.9,,153.0,,0.0,,0.0,9.9,0.0,1009.0,Clear
2019-05-15T21:00:00,76.2,76.2,76.2,63.7,65.34,,5.3,,135.0,,0.0,,0.0,9.9,0.0,1009.1,Clear
2019-05-15T22:00:00,73.8,73.8,73.8,63.8,70.96,,3.6,,93.0,,0.0,,0.0,9.9,0.0,1009.5,Clear
2019-05-15T23:00:00,73.0,73.0,73.0,64.2,73.88,,3.6,,90.0,,0.0,,0.0,9.9,0.0,1009.6,Clear
